{"cameraMode":{"drawMode":0,"name":"Shaded","section":"Shading Mode"},"sceneLighting":false,"audioPlay":false,"sceneViewState":{"m_AlwaysRefresh":false,"showFog":true,"showSkybox":true,"showFlares":true,"showImageEffects":true,"showParticleSystems":true,"showVisualEffectGraphs":true,"m_FxEnabled":true},"in2DMode":false,"pivot":{"x":59.37567138671875,"y":9.763056755065918,"z":0.7109584808349609},"rotation":{"x":-0.09438467770814896,"y":-0.07697813212871552,"z":0.007321002893149853,"w":-0.9925345182418823},"size":391.86358642578127,"orthographic":false}